,Return Rate,Eigenvector Centrality,Degree Centrality,Closeness Centrality,PageRank,Betweenness Centrality
Return Rate,1.0,0.3112036418323412,0.2552425340557445,0.2366178528261888,0.2004197250534111,0.21422285115572123
Eigenvector Centrality,0.3112036418323412,1.0,0.9580212206790797,0.5399037984880927,0.8840643584594029,0.8948955194389207
Degree Centrality,0.2552425340557445,0.9580212206790797,1.0,0.5513618275539506,0.9633456145213289,0.9550919394619085
Closeness Centrality,0.2366178528261888,0.5399037984880927,0.5513618275539506,1.0,0.5801862157601271,0.45774699171960403
PageRank,0.2004197250534111,0.8840643584594029,0.9633456145213289,0.5801862157601271,1.0,0.91016965789505
Betweenness Centrality,0.21422285115572123,0.8948955194389207,0.9550919394619085,0.45774699171960403,0.91016965789505,1.0
