,Return Rate,Eigenvector Centrality,Degree Centrality,Closeness Centrality,PageRank,Betweenness Centrality
Return Rate,1.0,0.2875225231161489,0.24741011706537813,0.23764782181596902,0.20564398834445727,0.23346333758856647
Eigenvector Centrality,0.2875225231161489,1.0,0.9523600430112978,0.42302820370415606,0.8559888821041453,0.9029063028390583
Degree Centrality,0.24741011706537813,0.9523600430112978,1.0,0.45526086082611256,0.9503469266910243,0.9497076566276956
Closeness Centrality,0.23764782181596902,0.42302820370415606,0.45526086082611256,1.0,0.4949655397631244,0.3638396284898371
PageRank,0.20564398834445727,0.8559888821041453,0.9503469266910243,0.4949655397631244,1.0,0.9095342646546346
Betweenness Centrality,0.23346333758856647,0.9029063028390583,0.9497076566276956,0.3638396284898371,0.9095342646546346,1.0
