,Return Rate,Eigenvector Centrality,Degree Centrality,Closeness Centrality,PageRank,Betweenness Centrality
Return Rate,1.0,0.2055531003259983,0.23163715688854802,0.34373550336233405,0.33533237905502616,0.25102420789721414
Eigenvector Centrality,0.2055531003259983,1.0,0.9228714875633277,0.11881729015439174,0.726268939256824,0.7665700107603397
Degree Centrality,0.23163715688854802,0.9228714875633277,1.0,0.12107580255034149,0.8680410949457461,0.9061825934294981
Closeness Centrality,0.34373550336233405,0.11881729015439174,0.12107580255034149,1.0,0.31520796911200866,0.09632310685056436
PageRank,0.33533237905502616,0.726268939256824,0.8680410949457461,0.31520796911200866,1.0,0.8803068037645102
Betweenness Centrality,0.25102420789721414,0.7665700107603397,0.9061825934294981,0.09632310685056436,0.8803068037645102,1.0
